"tweet_id","in_reply_to_status_id","in_reply_to_user_id","timestamp","source","text","retweeted_status_id","retweeted_status_user_id","retweeted_status_timestamp","expanded_urls"
"552546165116256256","","","2015-01-06 19:24:06 +0000","<a href=""https://dev.twitter.com/docs/tfw"" rel=""nofollow"">Twitter for Websites</a>","Living in the community: http://t.co/Q6mZuNPISI via @YouTube Another powerful video from our grantee LASA.","","","","http://youtu.be/GeVHKcXHOVI"
"552544320889585664","","","2015-01-06 19:16:46 +0000","<a href=""http://twitter.com"" rel=""nofollow"">Twitter Web Client</a>","RT @N_Map: @DisabRightsFund talks to @OpenSociety about the importance of upholding #disabilityrights protected in #CRPD: http://t.co/GPyJS…","540543385250328576","58871793","2014-12-04 16:29:20 +0000","http://buff.ly/1FT6zbH,http://buff.ly/1FT6zbH"
"552095635076165634","","","2015-01-05 13:33:51 +0000","<a href=""https://dev.twitter.com/docs/tfw"" rel=""nofollow"">Twitter for Websites</a>","RT @InclusionIntl: Our friends at LASA have made another great video in the Media Serving Disability project funded by @DisabRightsFund htt…","552064246239215616","1023795972","2015-01-05 11:29:07 +0000","http://youtu.be/GeVHKcXHOVI,http://youtu.be/GeVHKcXHOVI"
"550352045396357121","","","2014-12-31 18:05:27 +0000","<a href=""https://dev.twitter.com/docs/tfw"" rel=""nofollow"">Twitter for Websites</a>","Open Society Invites to Applications for Open Society Foundations Fellowship http://t.co/p5sWmUUcPo via @sharethis","","","","http://shar.es/1HGDvD"
"550351554034040834","","","2014-12-31 18:03:30 +0000","<a href=""https://sumall.com/"" rel=""nofollow"">SumAll Authentication</a>","How I did on Twitter this week: 1 Mentions, 4.58K Mention Reach, 1 Retweets. How'd your week go? via http://t.co/rJRPQGbFrX","","","","http://sumall.com/myweek"
"547806928433586176","","","2014-12-24 17:32:04 +0000","<a href=""https://sumall.com/"" rel=""nofollow"">SumAll Authentication</a>","How I did on Twitter this week: 2 Mentions, 2.2K Mention Reach, 2 Retweets. How'd your week go? via http://t.co/rJRPQGbFrX","","","","http://sumall.com/myweek"
"547148075781742595","","","2014-12-22 21:54:01 +0000","<a href=""https://dev.twitter.com/docs/tfw"" rel=""nofollow"">Twitter for Websites</a>","RT @BNID_Events: For disabilities and civil society, few compare with the @DisabRightsFund! One of #BostonsBest #YearInReview2014 http://t.…","547143179502620674","346146930","2014-12-22 21:34:34 +0000","http://www.disabilityrightsfund.org/,http://www.disabilityrightsfund.org/"
"546285432976048129","","","2014-12-20 12:46:11 +0000","<a href=""https://dev.twitter.com/docs/tfw"" rel=""nofollow"">Twitter for Websites</a>","Seven Steps To Friendship - http://t.co/Cz3nN2NDoz","","","","http://www.rudermanfoundation.org/blog/disabilities-trends/seven-steps-friendship"
"546099834302631936","","","2014-12-20 00:28:41 +0000","<a href=""https://dev.twitter.com/docs/tfw"" rel=""nofollow"">Twitter for Websites</a>","#DrawDisability: http://t.co/R2zveCqvSx via @YouTube","","","","http://youtu.be/N11vRjeyRJc"
"546059292294402048","","","2014-12-19 21:47:35 +0000","<a href=""https://dev.twitter.com/docs/tfw"" rel=""nofollow"">Twitter for Websites</a>","Buzzwords to Watch in 2015 http://t.co/9Ok5snkFMo via @Philanthropy","","","","http://shar.es/13Fc18"
"546054292214263808","","","2014-12-19 21:27:43 +0000","<a href=""https://dev.twitter.com/docs/tfw"" rel=""nofollow"">Twitter for Websites</a>","Right from the Start: What Your Nonprofit Board Needs in Three Easy Tables http://t.co/tSkT4b2B4M","","","","http://www.bridgespan.org/Publications-and-Tools/Nonprofit-Boards/FeaturedPublications1/Right-from-the-Start-What-Your-Board-Needs.aspx#.VJSYLAJAQ"
"546049271133261824","","","2014-12-19 21:07:46 +0000","<a href=""https://dev.twitter.com/docs/tfw"" rel=""nofollow"">Twitter for Websites</a>","Movies from self-advocates in Lebanon:  @DisabRightsFund grantee LASA creates Media Serving Disability http://t.co/5N3do1Pug3","","","","http://inclusion-international.org/movies-self-advocates-lebanon/"
"546047753898692608","","","2014-12-19 21:01:44 +0000","<a href=""http://twitter.com"" rel=""nofollow"">Twitter Web Client</a>","In 2014 @DisabRightsFund and sister organization the Disability Rights Advocacy Fund surpassed $15 million grants. http://t.co/3xaUZJX2i0","","","","http://twitter.com/DisabRightsFund/status/546047753898692608/photo/1"
"546046852312096768","","","2014-12-19 20:58:09 +0000","<a href=""http://twitter.com"" rel=""nofollow"">Twitter Web Client</a>","#nonprofitluv @DisabRightsFund receives the Gold Level Status rating @GuideStarUSA!","","","",""
"545282397932355584","","","2014-12-17 18:20:29 +0000","<a href=""https://sumall.com/"" rel=""nofollow"">SumAll Authentication</a>","How I did on Twitter this week: 4 Mentions, 1.83K Mention Reach, 1 Retweets. How'd your week go? via http://t.co/rJRPQGbFrX","","","","http://sumall.com/myweek"
"544914183343861760","","","2014-12-16 17:57:19 +0000","<a href=""https://sumall.com/"" rel=""nofollow"">SumAll Authentication</a>","My best RTs this week came from: @Willow_B_Well #thankSAll via http://t.co/qVdig2PMeN http://t.co/ndwaD1X0hM","","","","http://sumall.com/thankyou,http://twitter.com/DisabRightsFund/status/544914183343861760/photo/1"
"544163860794466304","","","2014-12-14 16:15:49 +0000","<a href=""https://dev.twitter.com/docs/tfw"" rel=""nofollow"">Twitter for Websites</a>","Striving for Inclusion Features @DisabRightsFund Kerry Thompson http://t.co/iFHhDR9xK7 via @hgse","","","","http://www.gse.harvard.edu/news/14/12/striving-inclusion"
"543747313848811520","","","2014-12-13 12:40:36 +0000","<a href=""http://twitter.com"" rel=""nofollow"">Twitter Web Client</a>","RT @DSamarasan: @DisabRightsFund KerryThompson makes Harvard news: Striving for Inclusion http://t.co/bR7qqS0RSy via @hgse","543160109417762816","1347450564","2014-12-11 21:47:16 +0000","http://www.gse.harvard.edu/news/14/12/striving-inclusion,http://www.gse.harvard.edu/news/14/12/striving-inclusion"
"543497922076106753","","","2014-12-12 20:09:36 +0000","<a href=""https://dev.twitter.com/docs/tfw"" rel=""nofollow"">Twitter for Websites</a>","Check out GuideStar Exchange Reports for Disability Rights Fund Inc. at http://t.co/l9C7D8dMmi","","","","http://www.guidestar.org/organizations/27-5026293/disability-rights-fund.aspx#.VItLbIO1jbU.twitter"
"543496522986700800","","1347715296","2014-12-12 20:04:03 +0000","<a href=""http://twitter.com"" rel=""nofollow"">Twitter Web Client</a>","@DisabRightsFund now has a Gold Level Status!!  
@GuideStarUSA Exchange Gold","","","",""
"543489957009313792","","","2014-12-12 19:37:57 +0000","<a href=""http://www.constantcontact.com"" rel=""nofollow"">Constant Contact</a>","Open Society Features Disability Rights Fund in Video #constantcontact http://t.co/gOR7wrL64D","","","","http://conta.cc/13hgeLz"
"543128754000637952","","","2014-12-11 19:42:40 +0000","<a href=""https://dev.twitter.com/docs/tfw"" rel=""nofollow"">Twitter for Websites</a>","Paradigm Shift: Participatory Grantmaking Comes of Age http://t.co/ZmxfHt2lHq via @wordpressdotcom @DisabRightsFund featured","","","","http://wp.me/p2p13M-b2"
"542801774198161408","","","2014-12-10 22:03:22 +0000","<a href=""http://twitter.com"" rel=""nofollow"">Twitter Web Client</a>","HRAP 2015 Call for Applications-The Institute for the Study of Human Rights (ISHR) application http://t.co/ElDGArm9KT","","","","http://humanrightscolumbia.org/hrap/program/2015"
"540890194417709056","","","2014-12-05 15:27:26 +0000","<a href=""https://dev.twitter.com/docs/tfw"" rel=""nofollow"">Twitter for Websites</a>","Women Institutionalized Against their Will in India: http://t.co/wP5vsN4Tm6 via @YouTube","","","","http://youtu.be/MpIJJPvn_ZI"
"540604095417946114","","","2014-12-04 20:30:34 +0000","<a href=""https://dev.twitter.com/docs/tfw"" rel=""nofollow"">Twitter for Websites</a>","DRF upgraded to Gold Status with GuideStar Exchange at http://t.co/7WRHWQyBbe","","","","http://www.guidestar.org/organizations/27-5026293/disability-rights-fund.aspx#.VIDELkZPSb8.twitter"
"540566641679925248","540543385250328576","58871793","2014-12-04 18:01:45 +0000","<a href=""https://dev.twitter.com/docs/tfw"" rel=""nofollow"">Twitter for Websites</a>","@N_Map @OpenSociety Thank you for the tweet of our newest video! @DisabRightsFund","","","",""
"540502789449732098","540335984756281345","123389114","2014-12-04 13:48:01 +0000","<a href=""https://dev.twitter.com/docs/tfw"" rel=""nofollow"">Twitter for Websites</a>","@PWDAustralia @IDPwD Thank you for the mention and for your support! @DisabRightsFund","","","",""
"540502165102817280","","","2014-12-04 13:45:32 +0000","<a href=""http://twitter.com"" rel=""nofollow"">Twitter Web Client</a>","RT @DSamarasan: “People with disabilities are taking control of rights struggles.” #IDPD #IDPD2014 #disabilityrights http://t.co/0CJH22VUWa…","540213162423758848","1347450564","2014-12-03 18:37:09 +0000","http://osf.to/11UDYnn,http://osf.to/11UDYnn"
"540230913720725505","","","2014-12-03 19:47:41 +0000","<a href=""https://dev.twitter.com/docs/tfw"" rel=""nofollow"">Twitter for Websites</a>","“People with disabilities are taking control of rights struggles.” #IDPD #IDPD2014 #disabilityrights http://t.co/RFlrhMfFVE via @opensociety","","","","http://osf.to/11UDYnn"
"540227569342492672","","","2014-12-03 19:34:24 +0000","<a href=""http://twitter.com"" rel=""nofollow"">Twitter Web Client</a>","RT @DSamarasan: Congratulations to the UK Aid agency DFID on their new disability framework!https://t.co/exBlimagyn","540115650199711744","1347450564","2014-12-03 12:09:40 +0000","https://www.gov.uk/government/publications/dfid-disability-framework-2014,https://www.gov.uk/government/publications/dfid-disability-framework-2014"
"540156764139040768","","724521750","2014-12-03 14:53:02 +0000","<a href=""http://twitter.com"" rel=""nofollow"">Twitter Web Client</a>","@NJDC07 it was a pleasure connecting with you at #USICDGala @DisabRightsFund @susantuftskagan","","","",""
"540108638036447232","","176996523","2014-12-03 11:41:48 +0000","<a href=""http://twitter.com"" rel=""nofollow"">Twitter Web Client</a>","@AuntPip it was a pleasure to meet you &amp; thank you for letting me join your lovely friends for ""dinner"" at #USICDGala @DisabRightsFund","","","",""
"540107325194133506","","192208890","2014-12-03 11:36:35 +0000","<a href=""http://twitter.com"" rel=""nofollow"">Twitter Web Client</a>","@Harkinista It was a pleasure to meet you at #USICDGala @DisabRightsFund","","","",""
"540106648790908929","","","2014-12-03 11:33:54 +0000","<a href=""https://dev.twitter.com/docs/tfw"" rel=""nofollow"">Twitter for Websites</a>","RT @susantuftskagan: Senator Harkin and @DisabRightsFund Founder Diana Samarasan http://t.co/OL6ARPIgyZ","540005847146168320","2228833658","2014-12-03 04:53:21 +0000","http://twitter.com/susantuftskagan/status/540005847146168320/photo/1,http://twitter.com/susantuftskagan/status/540005847146168320/photo/1"
"539828807705063424","","","2014-12-02 17:09:51 +0000","<a href=""http://twitter.com"" rel=""nofollow"">Twitter Web Client</a>","Giving feels good because it IS good. Celebrate #GivingTuesday with a gift to the Disability Rights Fund https://t.co/ptEN4pUiMQ.","","","","https://donatenow.networkforgood.org/disabilityrightsnow"
"539823002570227712","","","2014-12-02 16:46:47 +0000","<a href=""http://twitter.com"" rel=""nofollow"">Twitter Web Client</a>","RT @UN_Enable: We’re starting our celebrations for the #IDPD! Follow us throughout the day on TW. #IDPD #CRPD #UNEnable http://t.co/wdBsd45…","539781339747483648","299781618","2014-12-02 14:01:14 +0000","http://ow.ly/i/7M92i,http://ow.ly/i/7M92i"
"539766398579646464","","1347715296","2014-12-02 13:01:52 +0000","<a href=""https://www.thunderclap.it"" rel=""nofollow"">Thunderclap</a>","@DisabRightsFund supports #GivingTuesday! Join the world in a global celebration of generosity:  http://t.co/ibNtf5CzVj","","","","http://thndr.it/1DDgDT2"
"539568556183396352","","","2014-12-01 23:55:43 +0000","<a href=""http://twitter.com"" rel=""nofollow"">Twitter Web Client</a>","Excited that the Disability Rights Fund was selected to participate in #NPLI, presented by @BofA_Community &amp; @AGMConnect!","","","",""
"539445863022866432","","","2014-12-01 15:48:10 +0000","<a href=""http://www.constantcontact.com"" rel=""nofollow"">Constant Contact</a>","OUR VOICES, OUR RIGHTS, OUR FUTURE ANNUAL FUND #constantcontact http://t.co/ocf1oCSg3t","","","","http://conta.cc/1rNMpYo"
"536958818983243776","","","2014-11-24 19:05:33 +0000","<a href=""https://dev.twitter.com/docs/tfw"" rel=""nofollow"">Twitter for Websites</a>","USICD - Catalina Devandas-Aguilar appointed as Special Rapporteur on the rights of persons with disabilities http://t.co/iS45B34tbX","","","","http://usicd.org/index.cfm/news_catalina-devandas-aguilar-appointed-as-special-rapporteur-on-the-rights-of-persons-with-disabilities#.VHOBa7VroX8.twitter"
"536958462958116864","","","2014-11-24 19:04:08 +0000","<a href=""https://dev.twitter.com/docs/tfw"" rel=""nofollow"">Twitter for Websites</a>","BNID - Welcome to the new BNID Blog! - Boston Network for International Development http://t.co/N8UK68yIRn via @BNID_Events","","","","http://www.bnid.org/blog-posts/welcome-to-the-new-bnid-blog"
"536867207645380608","","","2014-11-24 13:01:31 +0000","<a href=""https://dev.twitter.com/docs/tfw"" rel=""nofollow"">Twitter for Websites</a>","Story on Violence Against People with Disabilities:  In Our Care http://t.co/MBW9KSWMny @abcnews","","","","http://www.abc.net.au/4corners/stories/2014/11/24/4132812.htm"
"535546502274637824","","","2014-11-20 21:33:30 +0000","<a href=""http://twitter.com"" rel=""nofollow"">Twitter Web Client</a>","RT @USICD: Honor #DisabilityRights champs Gerard Quinn @NUIGCDLP &amp; @SenatorHarkin at USICD's Dec 2 Gala! http://t.co/I01rCwXlqx http://t.co…","535153455875514369","257613970","2014-11-19 19:31:41 +0000","http://conta.cc/1zAYu86,http://twitter.com/USICD/status/535153455875514369/photo/1,http://conta.cc/1zAYu86,http://twitter.com/USICD/status/535153455875514369/photo/1"
"535163010629644288","","","2014-11-19 20:09:39 +0000","<a href=""https://dev.twitter.com/docs/tfw"" rel=""nofollow"">Twitter for Websites</a>","Early registration deadline for January-April 2015 courses on human rights, humanitarian action http://t.co/2WsirF4p3Z via #constantcontact","","","","http://conta.cc/1xDN99o"
"535149029651263488","","","2014-11-19 19:14:05 +0000","<a href=""https://dev.twitter.com/docs/tfw"" rel=""nofollow"">Twitter for Websites</a>","Making Disability Inclusion a Priority in Youth Programs | Mobility International USA http://t.co/uHjS7hjCAv","","","","http://www.miusa.org/blog/2014/making-disability-inclusion-priority-youth-programs#.VGzr9l6dDDo.twitter"
"535148529862574081","","","2014-11-19 19:12:06 +0000","<a href=""http://twitter.com"" rel=""nofollow"">Twitter Web Client</a>","RT @USICD: USICD Call for Applicants: #Youth in Int'l Development &amp; Foreign Affairs summer 2015 #internship in DC http://t.co/rVDCCJflmA","534860814457765888","257613970","2014-11-19 00:08:50 +0000","http://conta.cc/1uF8woJ,http://conta.cc/1uF8woJ"
"533593882026459136","","","2014-11-15 12:14:29 +0000","<a href=""https://dev.twitter.com/docs/tfw"" rel=""nofollow"">Twitter for Websites</a>","Play Your Part To End Violence Against Women http://t.co/ox8Kg5Fev5 #jnj #globalmotherhood via @HuffPostImpact","","","","http://huff.to/1u7GJgv"
"533591708681129984","","","2014-11-15 12:05:51 +0000","<a href=""http://twitter.com"" rel=""nofollow"">Twitter Web Client</a>","#pwdatwactivists","","","",""
"533356579094265857","","","2014-11-14 20:31:32 +0000","<a href=""http://twitter.com"" rel=""nofollow"">Twitter Web Client</a>","RT @AspenNewVoices: Last chance to nominate someone for the New Voices Fellowship for 2015! http://t.co/zr9dyh4Crf","533243661509996544","1209032984","2014-11-14 13:02:50 +0000","http://bit.ly/1pECfg0,http://bit.ly/1pECfg0"
"533252162420473858","","","2014-11-14 13:36:37 +0000","<a href=""http://twitter.com"" rel=""nofollow"">Twitter Web Client</a>","RT @StateDept: .@JohnKerry: I congratulate people of #CzechRepublic &amp; #Slovakia on 25 years of freedom, democratic governance. http://t.co/…","533012501458595840","9624742","2014-11-13 21:44:17 +0000","http://go.usa.gov/AhwT,http://go.usa.gov/AhwT"
"533022242620198912","","","2014-11-13 22:23:00 +0000","<a href=""https://dev.twitter.com/docs/tfw"" rel=""nofollow"">Twitter for Websites</a>","Beyond the Wall – the Road to Freedom and Equality @DisabRightsFund Kerry Thompson 2014 AMMF Fellow http://t.co/C9gQj7h7h4","","","","http://disq.us/8kxmmo"
"532990703744614400","","","2014-11-13 20:17:40 +0000","<a href=""http://twitter.com"" rel=""nofollow"">Twitter Web Client</a>","Please consider supporting @DisabRightsFund #GivingTuesday with a gift https://t.co/ptEN4pUiMQ. http://t.co/kMT60EQfzs","","","","https://donatenow.networkforgood.org/disabilityrightsnow,http://twitter.com/DisabRightsFund/status/532990703744614400/photo/1"
"532956656343482368","","","2014-11-13 18:02:23 +0000","<a href=""http://twitter.com"" rel=""nofollow"">Twitter Web Client</a>","RT @UN_Enable: Unemployment among the persons with disabilities is as high as 80% in some countries. Fight against discrimination. #UNEnabl…","532594122478354432","299781618","2014-11-12 18:01:48 +0000",""
"532892952557666304","","","2014-11-13 13:49:15 +0000","<a href=""https://dev.twitter.com/docs/tfw"" rel=""nofollow"">Twitter for Websites</a>","Lawrence Foundation Accepting Proposals for Environmental, Education, and Human Services Projects http://t.co/lAnjPnJjVL via @sharethis","","","","http://shar.es/10Lva1"
"532662451741790208","","","2014-11-12 22:33:19 +0000","<a href=""https://dev.twitter.com/docs/tfw"" rel=""nofollow"">Twitter for Websites</a>","What works to prevent violence against women with disabilities : a global program to prevent violence http://t.co/Az0PDDO31r via @sharethis","","","","http://shar.es/10MhXF"
"532573344751972353","","","2014-11-12 16:39:14 +0000","<a href=""http://twitter.com"" rel=""nofollow"">Twitter Web Client</a>","RT @didrrn: Next week on prep com2 4 #wcdrr,we will bring these priorities 2include in HFA2.U can also send ur recommendation 2 didrrn@asbi…","532036244717318144","1895938562","2014-11-11 05:05:00 +0000",""
"532573002915790849","","","2014-11-12 16:37:53 +0000","<a href=""https://dev.twitter.com/docs/tfw"" rel=""nofollow"">Twitter for Websites</a>","Inclusion works : learnings on the inclusion of people with disabilities in a food security project  http://t.co/FgCc82f86J via @sharethis","","","","http://shar.es/10P6F7"
"532572583359553536","","","2014-11-12 16:36:13 +0000","<a href=""https://dev.twitter.com/docs/tfw"" rel=""nofollow"">Twitter for Websites</a>","Inclusive learning : children with disabilities and difficulties in learning : topic guide http://t.co/da1BPcQXOa via @sharethis","","","","http://shar.es/10P6iY"
"532296524827328512","","","2014-11-11 22:19:15 +0000","<a href=""https://dev.twitter.com/docs/tfw"" rel=""nofollow"">Twitter for Websites</a>","This 13 Year Old Is So Impressive, Intel Is Investing Hundreds Of Thousands In His Startup - https://t.co/XRogTworvX via @Yahoo_MY","","","","https://my.news.yahoo.com/13-old-impressive-intel-investing-150400383.html"
"532230479005487104","","","2014-11-11 17:56:49 +0000","<a href=""https://dev.twitter.com/docs/tfw"" rel=""nofollow"">Twitter for Websites</a>","Visualize the world of #humanrights funding for people with disabilities http://t.co/4n65HhH5dn
@DisabRightsFund","","","","http://humanrights.foundationcenter.org/populations/disabled/"
"531829746200358912","","","2014-11-10 15:24:27 +0000","<a href=""https://dev.twitter.com/docs/tfw"" rel=""nofollow"">Twitter for Websites</a>","Haiti - Education : Campaign for the integration of disabled children in schools http://t.co/7YJkANGME8 via @HaitiLibre","","","","http://www.haitilibre.com/en/news-12470-haiti-education-campaign-for-the-integration-of-disabled-children-in-schools.html"
"531828284326039552","","","2014-11-10 15:18:38 +0000","<a href=""https://dev.twitter.com/docs/tfw"" rel=""nofollow"">Twitter for Websites</a>","RT @karenansara: So proud to support Disability Rights Fund in #Haiti! ""@menfphaiti1804: http://t.co/tWOZhd8QrZ” @DisabRightsFund","531811216243834880","105794926","2014-11-10 14:10:49 +0000","http://www.haitilibre.com/article-12470-haiti-education-campagne-pour-l-integration-des-enfants-handicapes-en-milieu-scolaire.html,http://www.haitilibre.com/article-12470-haiti-education-campagne-pour-l-integration-des-enfants-handicapes-en-milieu-scolaire.html"
"530732068066844672","","","2014-11-07 14:42:40 +0000","<a href=""http://twitter.com"" rel=""nofollow"">Twitter Web Client</a>","RT @DSamarasan: Today, the @DisabRightsFund Program Officer, Catalina Devandas @CataDevandas was confirmed as Special Rapporteur on Disabil…","530408743398547456","1347450564","2014-11-06 17:17:53 +0000",""
"530731790299041792","","","2014-11-07 14:41:34 +0000","<a href=""http://twitter.com"" rel=""nofollow"">Twitter Web Client</a>","RT @elivings: APPLY TO BE A WHITE HOUSE FELLOW!
 
The program consists of full-time work placement in the offices of Cabinet Secre…http://t…","530724392398225408","18810130","2014-11-07 14:12:10 +0000","http://whf.eop.gov,http://whf.eop.gov"
"530395658096615424","","","2014-11-06 16:25:53 +0000","<a href=""http://twitter.com"" rel=""nofollow"">Twitter Web Client</a>","Congratulations Catalina Devandas-Aguilar on her appointment as Special Rapporteur today by the President of the HRC! http://t.co/FayVoYoGXO","","","","http://twitter.com/DisabRightsFund/status/530395658096615424/photo/1"
"529696383054647296","","","2014-11-04 18:07:13 +0000","<a href=""http://twitter.com"" rel=""nofollow"">Twitter Web Client</a>","RT @GeorgetownLaw: Georgetown Law appoints @EricDRI (L'92) to Drinan Chair in Human Rights. http://t.co/IuBV8W22RP","529665747229110274","59577517","2014-11-04 16:05:29 +0000","http://bit.ly/1x3iI9R,http://bit.ly/1x3iI9R"
"529696353891667968","","","2014-11-04 18:07:06 +0000","<a href=""http://twitter.com"" rel=""nofollow"">Twitter Web Client</a>","RT @HRI_gtownlaw: Congratulations Eric Rosenthal of @DRI_advocacy! Appointed as 2015-16 Drinan Chair in Human Rights @GeorgetownLaw http://…","529673442132754432","362526822","2014-11-04 16:36:04 +0000","http://bit.ly/1x8tY3L,http://bit.ly/1x8tY3L"
"527921507201064960","","","2014-10-30 20:34:30 +0000","<a href=""https://dev.twitter.com/docs/tfw"" rel=""nofollow"">Twitter for Websites</a>","People with disabilities ‘simply don’t count’ in many developing countries http://t.co/VQIQz2zlp9","","","","http://gu.com/p/42ytz/stw"
"527836122635059200","","","2014-10-30 14:55:13 +0000","<a href=""http://twitter.com"" rel=""nofollow"">Twitter Web Client</a>","RT @DFID_UK: How we've helped to transform the lives of girls in #Afghanistan:  #AfghanFuture http://t.co/WyO6TTXkHw","527777251870642177","19915362","2014-10-30 11:01:17 +0000","http://twitter.com/DFID_UK/status/527777251870642177/photo/1,http://twitter.com/DFID_UK/status/527777251870642177/photo/1"
"527571966836736001","","","2014-10-29 21:25:33 +0000","<a href=""https://dev.twitter.com/docs/tfw"" rel=""nofollow"">Twitter for Websites</a>","DRI files international human rights case against Guatemala http://t.co/2KXKhDDnDZ via #constantcontact","","","","http://conta.cc/1sFB0sy"
"527568626904498176","","","2014-10-29 21:12:17 +0000","<a href=""http://twitter.com"" rel=""nofollow"">Twitter Web Client</a>","RT @WashFellowship: ONE WEEK TO GO! #YALI2015 apps are due Wed, Nov 5! Finish yours today at http://t.co/VVXOfFnWrS #YALICHAT @YALINetwork …","527448721068683264","2231782800","2014-10-29 13:15:49 +0000","http://yali.state.gov/washington-fellowship/apply,http://yali.state.gov/washington-fellowship/apply"
"527568355922702336","","","2014-10-29 21:11:12 +0000","<a href=""https://dev.twitter.com/docs/tfw"" rel=""nofollow"">Twitter for Websites</a>","Answers to Your Questions About the 2015 Mandela Washington Fellowship https://t.co/5g6LBdk98L via @YALINetwork","","","","https://youngafricanleaders.state.gov/applying-to-be-a-mandela-washington-fellow-live-video-qa-event/"
"527473073369665537","","","2014-10-29 14:52:35 +0000","<a href=""http://twitter.com"" rel=""nofollow"">Twitter Web Client</a>","Good to connect with Paige @BoosterLLC to think of creative ideas to promote #rights @DisabRightsFund @mnnconf2014","","","",""
"527472311788929025","","","2014-10-29 14:49:33 +0000","<a href=""http://twitter.com"" rel=""nofollow"">Twitter Web Client</a>","Very excited to make new connections @MA_NonprofitNet and talk about @DisabRightsFund at #mnnconf2014!","","","",""
"527165162252697601","","","2014-10-28 18:29:03 +0000","<a href=""http://twitter.com"" rel=""nofollow"">Twitter Web Client</a>","RT @schumanaffairs: Human Rights Video: UNITED Song: http://t.co/2IamQvoiDe via @YouTube Great song and video.  We should all live UNITED. …","525348179789631488","2810679123","2014-10-23 18:09:01 +0000","http://youtu.be/nptzg2odTKw,http://youtu.be/nptzg2odTKw"
"527162486995169281","","","2014-10-28 18:18:25 +0000","<a href=""https://dev.twitter.com/docs/tfw"" rel=""nofollow"">Twitter for Websites</a>","Why Teaching Kindness in Schools Is Essential to Reduce Bullying: http://t.co/Smx0sKcZHA via @edutopia","","","","http://edut.to/1pk6N1W"
"526727362042675201","","","2014-10-27 13:29:23 +0000","<a href=""http://twitter.com"" rel=""nofollow"">Twitter Web Client</a>","RT @SenseInternatl: This week children in #Tanzania will receive the rubella vaccination. Find out more: http://t.co/61qcUVgjyN http://t.co…","524180980098424832","1964674370","2014-10-20 12:50:59 +0000","http://www.senseinternational.org.uk/news/sense-international-welcomes-rubella-vaccination-drive-tanzania,http://twitter.com/SenseInternatl/status/524180980098424832/photo/1,http://www.senseinternational.org.uk/news/sense-international-welcomes-rubella-vaccination-drive-tanzania,http://twitter.com/SenseInternatl/status/524180980098424832/photo/1"
"526726814639874048","","","2014-10-27 13:27:13 +0000","<a href=""http://twitter.com"" rel=""nofollow"">Twitter Web Client</a>","Good resource for accessible attractions, restaurants, etc..Check out the latest blog post at http://t.co/nJJCbpeVQX !","","","","http://www.disabledonthego.com"
"525362498418262017","","","2014-10-23 19:05:55 +0000","<a href=""http://twitter.com"" rel=""nofollow"">Twitter Web Client</a>","@DisabilityRightsFund celebrates national #pbweek THANK YOU @goulstonstorrs in Boston for your generous support!","","","",""
"525360186517495808","","","2014-10-23 18:56:43 +0000","<a href=""https://dev.twitter.com/docs/tfw"" rel=""nofollow"">Twitter for Websites</a>","No Limits Media Fundraise Trailer: http://t.co/TAGzIoUA6r via @YouTube @DisabRightsFund will be at tonights event will you?","","","","http://youtu.be/4ghIdOQRg8I"
"525350262224207872","","","2014-10-23 18:17:17 +0000","<a href=""http://twitter.com"" rel=""nofollow"">Twitter Web Client</a>","RT @Good360: Companies should think of #GivingTuesday as a way to reach a goal and create awareness: http://t.co/bFH7wbmz9i via @Forbes @Gi…","522809416018853888","53135927","2014-10-16 18:00:52 +0000","http://onforb.es/1sJuk12,http://onforb.es/1sJuk12"
"525349243377422338","","14546914","2014-10-23 18:13:14 +0000","<a href=""http://twitter.com"" rel=""nofollow"">Twitter Web Client</a>","@eliwolff10 great to see you in the Endless Abilities film.  You are a rock star!","","","",""
"525348267199299586","","","2014-10-23 18:09:22 +0000","<a href=""http://twitter.com"" rel=""nofollow"">Twitter Web Client</a>","Thank you for following the Disability Rights Fund @debraruh @DisabilityCA @IHCC @BostonCIL @shamrocktie and @anyalifp!","","","",""
"525345505518157824","","","2014-10-23 17:58:23 +0000","<a href=""https://dev.twitter.com/docs/tfw"" rel=""nofollow"">Twitter for Websites</a>","Margarita, With a Straw: ‘The sexuality of the disabled excited me as a film-maker’ http://t.co/rumV0qNQ12 via @guardian","","","","http://gu.com/p/42yda/tw"
"525283282427322368","","","2014-10-23 13:51:08 +0000","<a href=""http://twitter.com"" rel=""nofollow"">Twitter Web Client</a>","RT @gordonrattray: Rescue boat with accessibility features - CDD, Bangladesh - blog from @Diane_CBM explains #DRR http://t.co/FiyCQkL4Cq ht…","524222116812840960","71793818","2014-10-20 15:34:26 +0000","http://tmsnrt.rs/1wfK8c5,http://twitter.com/gordonrattray/status/524222116812840960/photo/1,http://tmsnrt.rs/1wfK8c5,http://twitter.com/gordonrattray/status/524222116812840960/photo/1"
"525283023852683264","","","2014-10-23 13:50:06 +0000","<a href=""http://twitter.com"" rel=""nofollow"">Twitter Web Client</a>","RT @gordonrattray: #CRPD committee issues statement on #disability-inclusive #DRR via @PreventionWeb and @Diane_CBM @Vscherrer @didrrn http…","524797999277674496","71793818","2014-10-22 05:42:47 +0000","http://bit.ly/1w75zi2,http://bit.ly/1w75zi2"
"524676564903292928","","352016398","2014-10-21 21:40:15 +0000","<a href=""http://twitter.com"" rel=""nofollow"">Twitter Web Client</a>","@DavidLepofsky Thank you for the retweet! @DisabRightsFund","","","",""
"524671713338875904","","","2014-10-21 21:20:59 +0000","<a href=""https://dev.twitter.com/docs/tfw"" rel=""nofollow"">Twitter for Websites</a>","#CRPD Article 25:  Health #selfadvocacy video by Lebanese Association for Self Advocacy http://t.co/jKqFutGv6w via @YouTube","","","","http://youtu.be/NsIfxUey0Ng"
"524639116705947648","","","2014-10-21 19:11:27 +0000","<a href=""http://twitter.com"" rel=""nofollow"">Twitter Web Client</a>","RT @EAbilities: BOSTON - See Endless Abilities at Kendall Cinema in Cambridge for the Thursday before Halloween. Costumes... http://t.co/zV…","520429760556838912","395127507","2014-10-10 04:24:58 +0000","http://fb.me/3uIUPLQbA,http://fb.me/3uIUPLQbA"
"524633922756308995","","1347715296","2014-10-21 18:50:49 +0000","<a href=""https://dev.twitter.com/docs/tfw"" rel=""nofollow"">Twitter for Websites</a>","@DisabRightsFund grantee Lebanese Association of Self Advocates  (LASA) has developed video shorts http://t.co/0TgPzqdX8U via @YouTube","","","","http://youtu.be/1B80olOY5t4"
"524618485121294336","","","2014-10-21 17:49:28 +0000","<a href=""https://dev.twitter.com/docs/tfw"" rel=""nofollow"">Twitter for Websites</a>","I just joined 842 donors giving a dollar a day to amazing nonprofits! #dollaraday https://t.co/uwIk4GuOU8","","","","https://dollaraday.co/"
"524181145949188096","","","2014-10-20 12:51:38 +0000","<a href=""https://dev.twitter.com/docs/tfw"" rel=""nofollow"">Twitter for Websites</a>","RT @InclusionIntl: Excellent short movies from the Lebanese Association for #self-advocacy (LASA) funded by @DisabRightsFund #crpd http://t…","524124094841618432","1023795972","2014-10-20 09:04:56 +0000","http://inclusion-international.org/movies-self-advocates-lebanon/,http://inclusion-international.org/movies-self-advocates-lebanon/"
"523109538946633728","","","2014-10-17 13:53:27 +0000","<a href=""http://twitter.com"" rel=""nofollow"">Twitter Web Client</a>","RT @GlobalGiving: It's Int'l Day for the Eradication of Poverty &amp; we'll be sharing some of the most effective poverty-fighting projects. #E…","523108673921376256","9334532","2014-10-17 13:50:01 +0000",""
"523090666478665729","","412619966","2014-10-17 12:38:28 +0000","<a href=""http://twitter.com"" rel=""nofollow"">Twitter Web Client</a>","@OppColl DRF Founding Executive Director, @DSamarasan, Sara Minkara, and DRF GRANTEES join forces in Ixtapa. http://t.co/V0IheyYCh0","","","","http://twitter.com/DisabRightsFund/status/523090666478665729/photo/1,http://twitter.com/DisabRightsFund/status/523090666478665729/photo/1,http://twitter.com/DisabRightsFund/status/523090666478665729/photo/1"
"523089916624773120","","","2014-10-17 12:35:29 +0000","<a href=""https://dev.twitter.com/docs/tfw"" rel=""nofollow"">Twitter for Websites</a>","RT @impactspace: Join Sara Minkara of @DisabRightsFund in today's PM session @OppColl 'Rethinking Global Problems &amp; Solutions' #socent #imp…","522839591452041218","1126023084","2014-10-16 20:00:47 +0000",""
"522740745179262978","","412619966","2014-10-16 13:28:00 +0000","<a href=""http://twitter.com"" rel=""nofollow"">Twitter Web Client</a>","@OppColl DRF Founding Executive Director, @DSamarasan, Sara Minkara, and DRF Global Advisors join forces in Ixtapa. http://t.co/qz4DZhae6A","","","","http://twitter.com/DisabRightsFund/status/522740745179262978/photo/1"
"522737514805608448","","","2014-10-16 13:15:10 +0000","<a href=""https://dev.twitter.com/docs/tfw"" rel=""nofollow"">Twitter for Websites</a>","Martin Ennals Foundation Invites Nominations for Human Rights Defenders Award http://t.co/0CkyZszBOm via @sharethis","","","","http://shar.es/1mZXrX"
"522494181772505088","","","2014-10-15 21:08:15 +0000","<a href=""https://dev.twitter.com/docs/tfw"" rel=""nofollow"">Twitter for Websites</a>","Join me in supporting Stop the Violence Against People with Disabilities https://t.co/DbWJo1CN9o via @joinfundraise","","","","https://nolimits.fundraise.com/stop-the-violence-against-people-with-disabilities"
"522489715552182272","","","2014-10-15 20:50:30 +0000","<a href=""http://twitter.com"" rel=""nofollow"">Twitter Web Client</a>","RT @EAbilities: So excited to get our New England screening tour started tonight with Resolute Racing Shells and Community... http://t.co/r…","522427466778832896","395127507","2014-10-15 16:43:08 +0000","http://fb.me/3h82Qi5Rv,http://fb.me/3h82Qi5Rv"
"522046477023977475","","","2014-10-14 15:29:13 +0000","<a href=""https://dev.twitter.com/docs/tfw"" rel=""nofollow"">Twitter for Websites</a>","- Sense: the UK Deafblind charity http://t.co/a2V26IR0DI","","","","http://www.sense.org.uk/content/sense-awards-2014-0"
"522039186082504704","","","2014-10-14 15:00:15 +0000","<a href=""http://twitter.com"" rel=""nofollow"">Twitter Web Client</a>","RT @WeCanEndPoverty: Poverty impacts child survival rates. 6 million+ children under 5 died in 2013. Learn more: http://t.co/mqvIPli6Ql #en…","521933812205629440","115099953","2014-10-14 08:01:32 +0000","http://j.mp/1vRFVu8,http://j.mp/1vRFVu8"
"522038382760067072","","","2014-10-14 14:57:04 +0000","<a href=""http://twitter.com"" rel=""nofollow"">Twitter Web Client</a>","RT @echoinggreen: Congrats #EGFellow Sumit Dagar, who launched #SimpleEye: #app for visually impaired users, including #Braille http://t.co…","522038269010522112","14886176","2014-10-14 14:56:36 +0000","http://ow.ly/CJPoe,http://ow.ly/CJPoe"
"522038141847212033","","","2014-10-14 14:56:06 +0000","<a href=""https://dev.twitter.com/docs/tfw"" rel=""nofollow"">Twitter for Websites</a>","Checking out Majid Turmusani's Profile on AllHumanity Network: http://t.co/qejsj8IkcX","","","","http://j.mp/1wzIgKf"
"521725125713227776","","","2014-10-13 18:12:17 +0000","<a href=""http://twitter.com"" rel=""nofollow"">Twitter Web Client</a>","RT @HighlandStreet: Congrats to Josh Kraft who is celebrating 25 great years of service with the Boys &amp; Girls Clubs of Boston! @BGCB_Boston","517314818827882496","52759465","2014-10-01 14:07:18 +0000",""
"521723838258638848","","","2014-10-13 18:07:10 +0000","<a href=""https://dev.twitter.com/docs/tfw"" rel=""nofollow"">Twitter for Websites</a>","Ants in His Pants by http://t.co/jyIwO4skaC via @CorwinPress #inclusion","","","","http://www.corwin.com/books/Book232652"
"521722980024332288","","","2014-10-13 18:03:46 +0000","<a href=""https://dev.twitter.com/docs/tfw"" rel=""nofollow"">Twitter for Websites</a>","BNID Newsletter: Week of October 13th: http://t.co/xxX0hmEum7","","","","http://eepurl.com/5uvf9"
"519598422156800000","","","2014-10-07 21:21:32 +0000","<a href=""https://dev.twitter.com/docs/tfw"" rel=""nofollow"">Twitter for Websites</a>","mh2: Mobile Health for Mental Health | Mental Health Innovation Network http://t.co/D8nVnfTX8p","","","","http://mhinnovation.net/innovations/mh2-mobile-health-mental-health#.VDRZTG41xfK.twitter"
"519585568686997506","","","2014-10-07 20:30:27 +0000","<a href=""https://dev.twitter.com/docs/tfw"" rel=""nofollow"">Twitter for Websites</a>","Special Attention Project Launches 'Yes to Education, No to Streetism' Campaign Accra http://t.co/x77RrUIDJd @allafrica@DisabRightsFund","","","","http://allafrica.com/c/-5KVLP"
"519508788093931521","","","2014-10-07 15:25:21 +0000","<a href=""http://twitter.com"" rel=""nofollow"">Twitter Web Client</a>","RT @riseghana: #DoingMore Accessibility Audit of Public structures to ensure access for Persons With @DisabRightsFund @MyEDF http://t.co/7t…","517963873526501377","1527273632","2014-10-03 09:06:25 +0000","http://twitter.com/riseghana/status/517963873526501377/photo/1,http://twitter.com/riseghana/status/517963873526501377/photo/1,http://twitter.com/riseghana/status/517963873526501377/photo/1,http://twitter.com/riseghana/status/517963873526501377/photo/1"
"519508314741571585","","","2014-10-07 15:23:28 +0000","<a href=""http://twitter.com"" rel=""nofollow"">Twitter Web Client</a>","RT @NoLimitsMedia1: Stop the Violence Against People with Disabilities, October 23 extravaganza! http://t.co/BkG2nlPLKD","518338397900124160","2306882906","2014-10-04 09:54:38 +0000","http://icont.ac/2AM1q,http://icont.ac/2AM1q"
"519468025733328896","","","2014-10-07 12:43:23 +0000","<a href=""https://dev.twitter.com/docs/tfw"" rel=""nofollow"">Twitter for Websites</a>","Wealthy Donating Smaller Share of Income to Charity, Study Finds http://t.co/kiLEyZApPW via @sharethis","","","","http://shar.es/1m30D2"
"519467633586884608","","","2014-10-07 12:41:49 +0000","<a href=""https://dev.twitter.com/docs/tfw"" rel=""nofollow"">Twitter for Websites</a>","White House To Convene Disability Summit - Disability Scoop http://t.co/0OD66QREGs via @disabilityscoop","","","","http://www.disabilityscoop.com/2014/10/03/white-house-summit/19730/"
"518100670365589505","","","2014-10-03 18:10:00 +0000","<a href=""http://www.constantcontact.com"" rel=""nofollow"">Constant Contact</a>","Disability Rights Fund Newsletter:  Indigenous Persons with Disabilities &amp; Climate Change #constantcontact http://t.co/kIqPCoqvUS","","","","http://conta.cc/1rFvNGx"
"517762977924403200","","","2014-10-02 19:48:08 +0000","<a href=""http://www.constantcontact.com"" rel=""nofollow"">Constant Contact</a>","Disability Rights Fund Newsletter:  Indigenous Persons with Disabilities &amp; Climate Change #constantcontact http://t.co/XsgHy5Bn2D","","","","http://conta.cc/1CHELWe"
"516998056768995329","","","2014-09-30 17:08:36 +0000","<a href=""http://www.apple.com/"" rel=""nofollow"">OS X</a>","Indonesia Grantee Convening is going on now in Jakarta https://t.co/O4WE9wz8dN","","","","https://www.flickr.com/photos/disabilityrightsfund/5489521328/in/set-72157626049772661"
"516956320411684864","","","2014-09-30 14:22:46 +0000","<a href=""http://twitter.com"" rel=""nofollow"">Twitter Web Client</a>","As part of @DisabRightsFund technical aid to grantees, we are holding our 5th grantee convening for Indonesia from 9/30 to 10/2 in Jakarta.","","","",""
"516687810070609920","","1347715296","2014-09-29 20:35:48 +0000","<a href=""http://twitter.com"" rel=""nofollow"">Twitter Web Client</a>","@DisabRightsFund Global Advisor Setareki Macanawi's statement @WCIP2014 http://t.co/XVvneCASW9","","","","http://web.mit.edu/dks/www/wcip/wcip2014closing-seta.html"
"516622292034400256","","","2014-09-29 16:15:27 +0000","<a href=""https://dev.twitter.com/docs/tfw"" rel=""nofollow"">Twitter for Websites</a>","Disability Rights Fund Introductory Video: http://t.co/y4sGhHxKVB via @YouTube","","","","http://youtu.be/lIESsrZf2Ck"
"514407176476315648","","","2014-09-23 13:33:22 +0000","<a href=""http://twitter.com"" rel=""nofollow"">Twitter Web Client</a>","Setareki Macanawai, Chair of IPWDGN and @DSamarasan, Founder of DRAF, will speak at #IFIPSummit. Follow live @IFIP! http://t.co/99KHYP0jFH","","","","http://twitter.com/DisabRightsFund/status/514407176476315648/photo/1"
"514392618763968512","","","2014-09-23 12:35:31 +0000","<a href=""https://dev.twitter.com/docs/tfw"" rel=""nofollow"">Twitter for Websites</a>","Op-ed: Ratify disabilities treaty to do right by disabled veterans | The Salt Lake Tribune http://t.co/lMEzc8tLDr via @sltrib","","","","http://www.sltrib.com/sltrib/opinion/58293709-82/treaty-disabilities-veterans-support.html.csp"
"514088750947651586","","","2014-09-22 16:28:04 +0000","<a href=""https://dev.twitter.com/docs/tfw"" rel=""nofollow"">Twitter for Websites</a>","Ruderman scholars affect change for people with disabilities http://t.co/FodTPUiq2h via @sharethis","","","","http://shar.es/1acnlb"
"514085920098623488","","","2014-09-22 16:16:49 +0000","<a href=""https://dev.twitter.com/docs/tfw"" rel=""nofollow"">Twitter for Websites</a>","RT @divestinvestorg: #DivestInvest with big news today. RT @aakashjain92: Rockefeller Fund Seeks to Shed Fossil-Fuel Investments http://t.c…","514080772425543680","2711945658","2014-09-22 15:56:21 +0000","http://ift.tt/1x11psc,http://ift.tt/1x11psc"
"514082843174400000","","","2014-09-22 16:04:35 +0000","<a href=""http://twitter.com"" rel=""nofollow"">Twitter Web Client</a>","RT @IFIP: Follow #IFIPSummit for live tweets from our World Summit on Indigenous #Philanthropy! Sustain #Indigenous solutions for #climate …","514042981805211648","76879970","2014-09-22 13:26:11 +0000",""
"514076889070440450","","","2014-09-22 15:40:56 +0000","<a href=""http://twitter.com"" rel=""nofollow"">Twitter Web Client</a>","RT @AShettle: US Senators have short memories! Remind them often to ratify #CRPD Disability Treaty! http://t.co/9dAEbdb5Lz &amp; http://t.co/BD…","514067250756984832","15622428","2014-09-22 15:02:38 +0000","http://disabilitytreaty.org,http://bit.ly/Resources4CRPD,http://disabilitytreaty.org,http://bit.ly/Resources4CRPD"
"512207336945889281","","","2014-09-17 11:52:00 +0000","<a href=""https://dev.twitter.com/docs/tfw"" rel=""nofollow"">Twitter for Websites</a>","Skin shocks used at Mass. school draw FDA look http://t.co/LEPs3vTjV1 via @WTOP","","","","http://www.wtop.com/?nid=884&sid=3701590&pid=0&page=2"
"511888961359609856","","","2014-09-16 14:46:53 +0000","<a href=""http://twitter.com"" rel=""nofollow"">Twitter Web Client</a>","RT @Exelon: #Inclusion of people with disabilities is better for business and customers: CEO at @NOD_ItsAbility forum. http://t.co/Wi4SlVCb…","510472500166529024","62643747","2014-09-12 16:58:22 +0000","http://twitter.com/Exelon/status/510472500166529024/photo/1,http://twitter.com/Exelon/status/510472500166529024/photo/1"
"511854924414476290","","","2014-09-16 12:31:38 +0000","<a href=""https://dev.twitter.com/docs/tfw"" rel=""nofollow"">Twitter for Websites</a>","UN News  - UN rights office hails ratification of disability convention by 150 States as ‘major milestone’: http://t.co/pWDAHeIjTU","","","","http://www.un.org/apps/news/story.asp?NewsID=48708#.VBgte6a6G29.twitter"
"509438717711224832","","","2014-09-09 20:30:29 +0000","<a href=""https://dev.twitter.com/docs/tfw"" rel=""nofollow"">Twitter for Websites</a>","31 Million Girls Won't Get To Go To School This Year http://t.co/UEGJyH2Lot #jnj #globalmotherhood via @HuffPostImpact","","","","http://huff.to/1CKEEtT"
"509016125053485056","","","2014-09-08 16:31:15 +0000","<a href=""https://dev.twitter.com/docs/tfw"" rel=""nofollow"">Twitter for Websites</a>","Ghana: Abuse of People with Disabilities: http://t.co/wSMCHseL13 via @YouTube","","","","http://youtu.be/n7HRnXxY_go"
"509013181675491328","509005872455233537","380344760","2014-09-08 16:19:34 +0000","<a href=""https://dev.twitter.com/docs/tfw"" rel=""nofollow"">Twitter for Websites</a>","Thank you for the tweet @RudermanFdn! @Other_Worlds @DSamarasan","","","",""
"507536711745032192","","","2014-09-04 14:32:36 +0000","<a href=""http://twitter.com"" rel=""nofollow"">Twitter Web Client</a>","One in Seven: How One Billion People are Redefining the Global Movement for #humanrights DRF Founder @HKS @CarrCenter http://t.co/ra86u5pTFv","","","","http://twitter.com/DisabRightsFund/status/507536711745032192/photo/1"
"507528864495456256","","","2014-09-04 14:01:25 +0000","<a href=""https://dev.twitter.com/docs/tfw"" rel=""nofollow"">Twitter for Websites</a>","Program Officer Paul Deany attends Island Voices Global Choices Conference in Samoa http://t.co/Kw4WvcUXVv","","","","http://eepurl.com/2asFn"
"507525527440089088","","","2014-09-04 13:48:09 +0000","<a href=""https://dev.twitter.com/docs/tfw"" rel=""nofollow"">Twitter for Websites</a>","Climate Change, Water, Sanitation and Energy Insecurity: Invisibility Of People With Disabilities http://t.co/f235jObXKS","","","","http://cjds.uwaterloo.ca/index.php/cjds/article/view/58/79#.VAhtisUpmLA.twitter"
"506760620595634176","","","2014-09-02 11:08:41 +0000","<a href=""https://dev.twitter.com/docs/tfw"" rel=""nofollow"">Twitter for Websites</a>","Celebrate Curb Ramps on Beacon Hill!: http://t.co/5PHQT2CJBJ","","","","http://eepurl.com/16kxD"
"502521092167069696","","","2014-08-21 18:22:19 +0000","<a href=""https://dev.twitter.com/docs/tfw"" rel=""nofollow"">Twitter for Websites</a>","Disability Rights Fund http://t.co/Unhh0cIMio via @sharethis","","","","http://shar.es/1n98o9"
"502447504202289153","","","2014-08-21 13:29:54 +0000","<a href=""https://dev.twitter.com/docs/tfw"" rel=""nofollow"">Twitter for Websites</a>","Lebanon - http://t.co/oivoolM1pY is a proud supporter of LASA!","","","","http://inclusion-international.org/lebanon-3/@DisabRightsFund"
"502444617774956544","","","2014-08-21 13:18:26 +0000","<a href=""http://twitter.com"" rel=""nofollow"">Twitter Web Client</a>","RT @UNICEF: A child whose mother can read=50% more likely to live past 5—yet millions of girls are 
#outofschool #FundEducation http://t.co…","482058181217353728","33933259","2014-06-26 07:10:01 +0000","http://twitter.com/UNICEF/status/482058181217353728/photo/1,http://twitter.com/UNICEF/status/482058181217353728/photo/1"
"501464949089378304","","","2014-08-18 20:25:35 +0000","<a href=""http://twitter.com"" rel=""nofollow"">Twitter Web Client</a>","DRF deadline for Rwanda, Pacific Island Countries &amp; invited organizations from Bangladesh, Peru &amp; Uganda is Aug. 21 http://t.co/cPwat22kNx","","","","http://www.disabilityrightsfund.org/grantmaking"
"500252154016182275","","","2014-08-15 12:06:22 +0000","<a href=""https://dev.twitter.com/docs/tfw"" rel=""nofollow"">Twitter for Websites</a>","Support Disability Rights Now | DISABILITY RIGHTS FUND INC's Fundraiser on CrowdRise http://t.co/58pWytrpUJ","","","","http://fw.to/idOj8nX"
"497535433426096129","","","2014-08-08 00:11:05 +0000","<a href=""http://twitter.com"" rel=""nofollow"">Twitter Web Client</a>","RT @AAPD: Founder of the @DisabRightsFund talks w/ @Beverly__Bell about the impact of the U.N. Disability Treaty http://t.co/zqljWs5RAY #Ra…","497094801624678400","16026940","2014-08-06 19:00:11 +0000","http://buff.ly/1ocpwAv,http://buff.ly/1ocpwAv"
"497534499953987585","","","2014-08-08 00:07:23 +0000","<a href=""https://dev.twitter.com/docs/tfw"" rel=""nofollow"">Twitter for Websites</a>","RT @USICD: Check out an interview with @DSamarasan from @DisabRightsFund on #CRPD and the Global #Disability Rights Movement http://t.co/cr…","497052757992685568","257613970","2014-08-06 16:13:06 +0000","http://huff.to/1zQY7GS,http://huff.to/1zQY7GS"
"495222274820038657","","","2014-08-01 14:59:25 +0000","<a href=""https://dev.twitter.com/docs/tfw"" rel=""nofollow"">Twitter for Websites</a>","Watch: Disability rights are human rights  http://t.co/osrlHBR4Vl via @opensociety","","","","http://osf.to/1nwADkq"
"495220905245544448","","","2014-08-01 14:53:59 +0000","<a href=""https://dev.twitter.com/docs/tfw"" rel=""nofollow"">Twitter for Websites</a>","Adopting the First Human Rights Treaty of the Twenty-First Century - German Marshall Fund Blog http://t.co/mv1vGi1N5G","","","","http://blog.gmfus.org/2014/07/31/equalizing-disabilities-in-a-transatlantic-relationship/"
"491616137667690496","","","2014-07-22 16:09:55 +0000","<a href=""http://twitter.com"" rel=""nofollow"">Twitter Web Client</a>","DRF opens Request for Proposals targeted at disabled persons' organizations (DPOs) in Rwanda &amp; Pacific Islands. http://t.co/JqLsPdIxUA","","","","http://twitter.com/DisabRightsFund/status/491616137667690496/photo/1"
"491249269018333185","","","2014-07-21 15:52:07 +0000","<a href=""http://twitter.com"" rel=""nofollow"">Twitter Web Client</a>","RT @UN4Indigenous: Online registration for September's World Conference on Indigenous Peoples is now open. Deadline is 23 July. http://t.co…","488709974156406785","863666270","2014-07-14 15:41:52 +0000","http://bit.ly/1wy9Kkn,http://bit.ly/1wy9Kkn"
"491241059314188288","","","2014-07-21 15:19:30 +0000","<a href=""http://twitter.com"" rel=""nofollow"">Twitter Web Client</a>","Human Rights Funding 
http://t.co/4n65Hhq2bn","","","","http://humanrights.foundationcenter.org/populations/disabled/"
"491240501593395201","","","2014-07-21 15:17:17 +0000","<a href=""http://twitter.com"" rel=""nofollow"">Twitter Web Client</a>","RT @IHRFG: Thanks to  @FordFoundation @SRausingTrust @flybyboy @HumanityUnited for sharing new #advancinghumanrights site! http://t.co/038t…","489887047948451840","545987321","2014-07-17 21:39:08 +0000","http://humanrights.foundationcenter.org/,http://humanrights.foundationcenter.org/"
